image_name,display_name,website_link,tags,short_description
fantasy-dragons-susa8y.webp,susa8y,https://search.creativecommons.org/photos/931f1748-46d7-44f8-9d89-9723c721c40a,Dragon,"""Fantasy Dragons - susa8y""  by Douglas Tofoli  is marked under CC PDM 1.0. To view the terms, visit https://creativecommons.org/publicdomain/mark/1.0/"
fantasy-landscape-slolsss.webp,slolsss,https://search.creativecommons.org/photos/13646adc-f1df-437a-a0dd-8223452ee46c,,"""Fantasy Landscape - slolsss""  by Douglas Tofoli  is marked under CC PDM 1.0. To view the terms, visit https://creativecommons.org/publicdomain/mark/1.0/"
fantasy-dobetoh.webp,dobetoh,https://search.creativecommons.org/photos/0c3e29de-2a63-4202-9632-06f084229234,,"""Fantasy""  by dobetoh  is marked under CC PDM 1.0. To view the terms, visit https://creativecommons.org/publicdomain/mark/1.0/"
sand-sea-sky-john-atkinson.webp,john atkinson,https://search.creativecommons.org/photos/66adebcd-30ad-400f-9ec9-bec4e29a7e38,,"""John Atkinson Grimshaw - Sand, Sea and Sky: A Summer Fantasy""  by irinaraquel  is marked under CC PDM 1.0. To view the terms, visit https://creativecommons.org/publicdomain/mark/1.0/"
river-fantasy-william-otway-mccannell.webp,william otway mccannell,https://search.creativecommons.org/photos/af0f5bf3-642d-4a96-a834-a156aa470319,,"""William Otway McCannell - River Fantasy""  by irinaraquel  is marked under CC PDM 1.0. To view the terms, visit https://creativecommons.org/publicdomain/mark/1.0/"
orchestral-fantasy-richard-ernst-eurich.webp,richard ernst eurich,https://search.creativecommons.org/photos/3c483c9e-dae5-4258-8754-b062d0af8678,,"""Richard Ernst Eurich - Orchestral Fantasy""  by irinaraquel  is marked under CC PDM 1.0. To view the terms, visit https://creativecommons.org/publicdomain/mark/1.0/"
final-fantasy-vii-remake-001-instacodez.webp,instacodez 001,https://search.creativecommons.org/photos/96f560fa-18d4-4d0a-b419-5707f4e7609a,Final Fantasy || Sci Fi,"""Final-Fantasy-VII-Remake-260719-001""  by instacodez  is marked under CC PDM 1.0. To view the terms, visit https://creativecommons.org/publicdomain/mark/1.0/"
final-fantasy-vii-002-instacodez.webp,instacodez 002,https://search.creativecommons.org/photos/66e143d8-a0fe-465a-8b5d-429e6d74cf73,Final Fantasy || Sci Fi,"""Final-Fantasy-VII-Remake-310719-001""  by instacodez  is marked under CC PDM 1.0. To view the terms, visit https://creativecommons.org/publicdomain/mark/1.0/"
moss-wood-dragon-douglas-tofoli.webp,douglas tofoli,https://search.creativecommons.org/photos/1000c1c8-35b3-4d19-863b-3966d88bdb79,Dragon || Forest,"""Here's a few wallpapers from my Fantasy collection - Oneiric19""  by Douglas Tofoli  is marked under CC PDM 1.0. To view the terms, visit https://creativecommons.org/publicdomain/mark/1.0/"
barbarian-ink-tattoodesign555.webp,tattoodesign555,https://search.creativecommons.org/photos/a330c0d5-6e25-4ac0-abc6-9d9d768eca09,Black and White,"""Fantasy art tattoo idea #tattoos #drawings #spider #wildworld #art #illustration""  by tattoodesign555  is marked under CC PDM 1.0. To view the terms, visit https://creativecommons.org/publicdomain/mark/1.0/"